{
  "created_at": "20260425_053142",
  "model_type": "tensorflow_efficientnet",
  "backbone": "b3",
  "train_rows": 13708,
  "validation_rows": 1648,
  "test_rows": 2760,
  "training_split_source": "balanced_5class_v3",
  "validation_split_source": "cleaned",
  "validation_grouping": "source_family",
  "input_shape": [
    300,
    300,
    3
  ],
  "weights": "imagenet",
  "oversample_min_ratio": 0.0,
  "class_weight_mode": "off",
  "class_weight_applied": false,
  "learning_rate_head": 0.00025,
  "learning_rate_finetune": 1e-05,
  "optimizer": "adamw",
  "weight_decay": 5e-05,
  "mixed_precision_policy": "mixed_float16",
  "loss_mode": "label_smoothing",
  "label_smoothing": 0.1,
  "train_class_counts": {
    "angry": 2550,
    "happy": 3945,
    "neutral": 2379,
    "sad": 2877,
    "surprise": 1957
  },
  "validation_class_counts": {
    "angry": 104,
    "happy": 696,
    "neutral": 364,
    "sad": 292,
    "surprise": 192
  },
  "test_class_counts": {
    "angry": 156,
    "happy": 1153,
    "neutral": 662,
    "sad": 467,
    "surprise": 322
  },
  "metrics": {
    "accuracy": 0.886231884057971,
    "macro_f1": 0.8674573563755343,
    "weighted_f1": 0.8864413048679033,
    "classification_report": {
      "angry": {
        "precision": 0.9022556390977443,
        "recall": 0.7692307692307693,
        "f1-score": 0.8304498269896193,
        "support": 156.0
      },
      "happy": {
        "precision": 0.9382608695652174,
        "recall": 0.9358196010407632,
        "f1-score": 0.9370386452453322,
        "support": 1153.0
      },
      "sad": {
        "precision": 0.8426501035196687,
        "recall": 0.8715203426124197,
        "f1-score": 0.8568421052631578,
        "support": 467.0
      },
      "surprise": {
        "precision": 0.9300699300699301,
        "recall": 0.8260869565217391,
        "f1-score": 0.875,
        "support": 322.0
      },
      "neutral": {
        "precision": 0.8107344632768362,
        "recall": 0.8670694864048338,
        "f1-score": 0.8379562043795621,
        "support": 662.0
      },
      "accuracy": 0.886231884057971,
      "macro avg": {
        "precision": 0.8847942011058793,
        "recall": 0.853945431162105,
        "f1-score": 0.8674573563755343,
        "support": 2760.0
      },
      "weighted avg": {
        "precision": 0.8885047075447146,
        "recall": 0.886231884057971,
        "f1-score": 0.8864413048679033,
        "support": 2760.0
      }
    },
    "confusion_matrix": [
      [
        120,
        7,
        9,
        6,
        14
      ],
      [
        3,
        1079,
        21,
        4,
        46
      ],
      [
        2,
        13,
        407,
        0,
        45
      ],
      [
        5,
        15,
        7,
        266,
        29
      ],
      [
        3,
        36,
        39,
        10,
        574
      ]
    ],
    "labels": [
      0,
      1,
      2,
      3,
      4
    ],
    "label_names": {
      "0": "angry",
      "1": "happy",
      "2": "sad",
      "3": "surprise",
      "4": "neutral"
    },
    "per_dataset_metrics": {
      "rafdb": {
        "samples": 2760,
        "accuracy": 0.886231884057971,
        "macro_f1": 0.8674573563755343
      }
    }
  },
  "training_history": {
    "head": {
      "accuracy": [
        0.43704405426979065,
        0.6057776212692261,
        0.7042602896690369,
        0.744236946105957,
        0.7802013158798218,
        0.805077314376831,
        0.8199591636657715,
        0.8366647362709045,
        0.8523489832878113,
        0.8619054555892944,
        0.8742340207099915,
        0.914575457572937
      ],
      "loss": [
        1.8340626955032349,
        1.2391093969345093,
        1.0041515827178955,
        0.9187746644020081,
        0.848811686038971,
        0.8063040375709534,
        0.7718424797058105,
        0.7368764877319336,
        0.7093672752380371,
        0.688049852848053,
        0.670818567276001,
        0.5850788950920105
      ],
      "val_accuracy": [
        0.6589806079864502,
        0.7384708523750305,
        0.7973300814628601,
        0.7754854559898376,
        0.8149271607398987,
        0.803398072719574,
        0.7918689250946045,
        0.8361650705337524,
        0.8264563083648682,
        0.8258495330810547,
        0.8422330021858215,
        0.8580096960067749
      ],
      "val_loss": [
        1.1690011024475098,
        0.9544106721878052,
        0.8475064039230347,
        0.8680608868598938,
        0.7841926217079163,
        0.7825060486793518,
        0.8294314742088318,
        0.7447359561920166,
        0.7347241044044495,
        0.7839586734771729,
        0.7436392903327942,
        0.7096416354179382
      ],
      "learning_rate": [
        0.0002500000118743628,
        0.0002500000118743628,
        0.0002500000118743628,
        0.0002500000118743628,
        0.0002500000118743628,
        0.0002500000118743628,
        0.0002500000118743628,
        0.0002500000118743628,
        0.0002500000118743628,
        0.0002500000118743628,
        0.0002500000118743628,
        0.0001250000059371814
      ]
    },
    "finetune": {
      "accuracy": [
        0.9390866756439209,
        0.9439013600349426,
        0.947184145450592,
        0.9473299980163574,
        0.9484972357749939,
        0.9506857395172119,
        0.9541873335838318,
        0.9523636102676392,
        0.9545521140098572,
        0.9531660079956055
      ],
      "loss": [
        0.5592296123504639,
        0.5436670184135437,
        0.5371620059013367,
        0.5322467088699341,
        0.5284769535064697,
        0.5238496661186218,
        0.5169796943664551,
        0.5200400352478027,
        0.5149631500244141,
        0.5186507701873779
      ],
      "val_accuracy": [
        0.8646844625473022,
        0.865898072719574,
        0.862864077091217,
        0.8634708523750305,
        0.8634708523750305,
        0.8640776872634888,
        0.8646844625473022,
        0.8665048480033875,
        0.8671116232872009,
        0.8707524538040161
      ],
      "val_loss": [
        0.735888659954071,
        0.7296701669692993,
        0.7279484868049622,
        0.7321541905403137,
        0.7263778448104858,
        0.7210869789123535,
        0.733481764793396,
        0.7218185663223267,
        0.7242373824119568,
        0.7236354947090149
      ],
      "learning_rate": [
        9.999999747378752e-06,
        9.999999747378752e-06,
        9.999999747378752e-06,
        9.999999747378752e-06,
        9.999999747378752e-06,
        9.999999747378752e-06,
        9.999999747378752e-06,
        9.999999747378752e-06,
        4.999999873689376e-06,
        4.999999873689376e-06
      ]
    }
  }
}